일시,지점,폭염여부(O/X),최고체감온도(°C),최고기온(°C),평균기온(°C),최저기온(°C),평균상대습도(%),폭염특보(O/X),폭염영향예보(단계),열대야(O/X),자외선지수(단계),습도(%),열지수
2019-05-01,서울(108),NO,21.9,22.2,16.4,11.2,48.9,NO, ,NO,높음,51.6,16.19
2019-05-02,서울(108),NO,22.2,25.3,17.1,10.6,28.5,NO, ,NO,높음,28,17.12
2019-05-03,서울(108),NO,23.4,26.1,17.9,10.1,37.5,NO, ,NO,매우높음,35.6,17.81
2019-05-04,서울(108),NO,25,27.4,19.5,12,40.4,NO, ,NO,높음,41.4,19.27
2019-05-05,서울(108),NO,23.2,26.5,19.2,13.6,35.8,NO, ,NO,높음,35.7,19.42
2019-05-06,서울(108),NO,16.9,19.8,14.5,9.8,27.1,NO, ,NO,높음,29.1,14.61
2019-05-07,서울(108),NO,19.6,21.9,15,8.4,33.4,NO, ,NO,매우높음,31.5,14.97
2019-05-08,서울(108),NO,20.2,21.3,15.6,10.1,48.3,NO, ,NO,매우높음,46.3,15.51
2019-05-09,서울(108),NO,20.5,22.9,16.6,11.7,43.3,NO, ,NO,높음,44.4,16.64
2019-05-10,서울(108),NO,24.9,26.8,17.8,10.3,48,NO, ,NO,높음,48.1,17.57
2019-05-11,서울(108),NO,26.1,28.3,20.3,13.2,39,NO, ,NO,매우높음,39.9,20.14
2019-05-12,서울(108),NO,26.4,28.9,21.6,14.7,36,NO, ,NO,매우높음,36.6,21.48
2019-05-13,서울(108),NO,21.6,22.8,18.7,15.5,43.4,NO, ,NO,높음,42.3,18.82
2019-05-14,서울(108),NO,24.8,26.9,19.6,12.9,44.5,NO, ,NO,높음,43.8,19.55
2019-05-15,서울(108),NO,25.7,28,20.7,14.8,48.1,NO, ,NO,높음,48.3,20.6
2019-05-16,서울(108),NO,27.8,30,23.5,16.7,43.8,NO, ,NO,매우높음,44.6,23.24
2019-05-17,서울(108),NO,26.8,28.3,23.6,17.6,44.9,NO, ,NO,높음,45.6,23.44
2019-05-18,서울(108),NO,25.2,25.9,22.8,19.1,46.8,NO, ,NO,높음,47,22.86
2019-05-19,서울(108),NO,24.3,21.6,19.4,17.9,93,NO, ,NO,보통,88.9,19.62
2019-05-20,서울(108),NO,23.2,20.2,16.4,13,63.6,NO, ,NO,높음,63.8,16.95
2019-05-21,서울(108),NO,21.7,23.8,17.2,11.7,52,NO, ,NO,높음,51.8,17.1
2019-05-22,서울(108),NO,23.6,26.5,19.5,12.3,46,NO, ,NO,매우높음,46.7,19.24
2019-05-23,서울(108),NO,26.6,29.2,22.1,15,45,NO, ,NO,매우높음,45.1,21.93
2019-05-24,서울(108),NO,31,33.4,24.2,16.2,46.4,NO, ,NO,매우높음,45.5,24.11
2019-05-25,서울(108),NO,25.7,28.6,23.4,18.4,45.6,NO, ,NO,매우높음,45.6,23.5
2019-05-26,서울(108),NO,28.1,31.1,24.5,18.6,39,NO, ,NO,매우높음,39.4,24.45
2019-05-27,서울(108),NO,22.9,22.3,17.8,14.3,80.9,NO, ,NO,보통,79.6,18.55
2019-05-28,서울(108),NO,22.5,24.6,18.1,11.9,45.9,NO, ,NO,매우높음,45.1,17.96
2019-05-29,서울(108),NO,24.5,26.5,20.3,13.3,48.4,NO, ,NO,매우높음,49.5,20.04
2019-05-30,서울(108),NO,23.3,24.5,19.6,14.6,48,NO, ,NO,높음,47.7,19.72
2019-05-31,서울(108),NO,22.4,23.3,19.1,16.1,49.6,NO, ,NO,매우높음,48.8,19.25
2019-06-01,서울(108),NO,23.4,23.7,18.9,14.8,60.5,NO, ,NO,높음,60,18.83
2019-06-02,서울(108),NO,25.6,27.8,21.1,14.1,42.1,NO, ,NO,매우높음,44.8,20.9
2019-06-03,서울(108),NO,27.9,29.5,23.1,16,42.9,NO, ,NO,매우높음,41.7,22.82
2019-06-04,서울(108),NO,27.6,29,22.6,17.6,56.4,NO, ,NO,매우높음,54.3,22.83
2019-06-05,서울(108),NO,29.1,29.6,23,17.8,63.8,NO, ,NO,매우높음,64.2,22.88
2019-06-06,서울(108),NO,26,25.1,21.2,18.6,75.9,NO, ,NO,높음,75.6,21.29
2019-06-07,서울(108),NO,25.2,24.7,20,17,77.3,NO, ,NO,보통,78.1,20.01
2019-06-08,서울(108),NO,26.9,27.6,21.9,16,57.5,NO, ,NO,매우높음,57.3,21.7
2019-06-09,서울(108),NO,26.7,26.5,21.6,17.1,66.1,NO, ,NO,높음,65.8,21.85
2019-06-10,서울(108),NO,22.4,21.9,18.4,15.7,70.3,NO, ,NO,보통,71.7,18.41
2019-06-11,서울(108),NO,24.9,26.1,20.5,15.5,51.1,NO, ,NO,매우높음,49.7,20.5
2019-06-12,서울(108),NO,26.5,26.4,21.5,16.1,57.1,NO, ,NO,매우높음,57.9,21.56
2019-06-13,서울(108),NO,27.5,28.8,23,16.6,51.9,NO, ,NO,매우높음,52,22.8
2019-06-14,서울(108),NO,27,28.4,23,19.1,54.8,NO, ,NO,보통,54.1,22.95
2019-06-15,서울(108),NO,26.9,27.4,21.9,17.9,61.5,NO, ,NO,매우높음,62.9,22.01
2019-06-16,서울(108),NO,26.5,27.2,22,16.1,55.4,NO, ,NO,매우높음,57.2,21.66
2019-06-17,서울(108),NO,25.7,26.2,21.7,18.1,59.1,NO, ,NO,높음,59,21.79
2019-06-18,서울(108),NO,25.9,24.8,20.8,17,78.6,NO, ,NO,높음,78.1,20.62
2019-06-19,서울(108),NO,26.3,25.4,21.4,18.9,77.8,NO, ,NO,높음,78,21.37
2019-06-20,서울(108),NO,27.8,27.8,22.7,19.8,70.6,NO, ,NO,높음,70.2,22.75
2019-06-21,서울(108),NO,26.9,26.1,22.1,19.4,72.9,NO, ,NO,높음,74.7,22.05
2019-06-22,서울(108),NO,28.3,30.6,24.2,17.7,42.3,NO, ,NO,매우높음,45.4,23.9
2019-06-23,서울(108),NO,28.9,31,25,19.1,40.4,NO, ,NO,높음,39.8,24.88
2019-06-24,서울(108),NO,29.1,30.9,25.2,20.9,46.9,NO,관심,NO,위험,45.2,25.36
2019-06-25,서울(108),NO,30.3,32.8,25.6,19.5,49.1,NO,주의,NO,매우높음,49.6,25.48
2019-06-26,서울(108),NO,28.6,29.5,25.5,20.7,52.6,NO, ,NO,매우높음,51.1,25.35
2019-06-27,서울(108),NO,30.9,31.2,25.5,21.9,70.5,NO, ,NO,보통,71.4,25.54
2019-06-28,서울(108),NO,29.3,29,24.7,22.3,67.3,NO, ,NO,매우높음,66.5,24.96
2019-06-29,서울(108),NO,27.7,27.7,23.1,19.6,72,NO, ,NO,높음,70.8,23.04
2019-06-30,서울(108),NO,28.7,28.5,23.9,20.9,73.5,NO, ,NO,매우높음,72.8,23.98
2019-07-01,서울(108),NO,28.1,28.9,23.9,20.6,64.4,NO, ,NO,매우높음,63.8,23.97
2019-07-02,서울(108),NO,28.9,30.1,24.4,20.8,63.5,NO, ,NO,매우높음,63.2,24.29
2019-07-03,서울(108),NO,27.7,27.4,24.1,21.2,64.6,NO,관심,NO,높음,65.3,24.18
2019-07-04,서울(108),NO,30.7,32.8,25.4,20,59.6,NO,주의,NO,매우높음,58.6,25.35
2019-07-05,서울(108),NO,32.7,35,27.6,20.2,42.1,NO,경고,NO,매우높음,45.5,27.41
2019-07-06,서울(108),NO,32.8,36.1,29.7,24.6,40.9,NO,주의,NO,매우높음,39.7,29.5
2019-07-07,서울(108),NO,30,32.5,26.7,22.7,43.3,NO,주의,NO,매우높음,43.5,26.94
2019-07-08,서울(108),NO,29.2,31,25.1,21.2,46.6,NO,주의,NO,높음,45.3,25.13
2019-07-09,서울(108),NO,28.4,30,25,19.7,46.4,NO, ,NO,높음,46.3,25.11
2019-07-10,서울(108),NO,26.8,27.3,22.7,19.3,64.1,NO, ,NO,높음,61,22.79
2019-07-11,서울(108),NO,27,25.9,21.9,19.5,76.9,NO, ,NO,보통,79,21.79
2019-07-12,서울(108),NO,28.7,28.7,23.6,20,65.5,NO, ,NO,매우높음,66.7,23.47
2019-07-13,서울(108),NO,29.4,29.7,24.9,22.1,67.3,NO, ,NO,보통,67.4,24.87
2019-07-14,서울(108),NO,30.6,31.6,25.9,21.2,64.6,NO, ,NO,높음,65.2,25.76
2019-07-15,서울(108),NO,28.4,27.4,23.8,22.1,80,NO,관심,NO,보통,77.9,23.87
2019-07-16,서울(108),NO,29.6,28.8,24.7,21.4,79,NO,관심,NO,높음,80.8,24.36
2019-07-17,서울(108),NO,29.8,29.2,25.6,22.3,73.9,NO,관심,NO,보통,74.5,25.54
2019-07-18,서울(108),NO,31.3,32.1,26.9,23.3,65,NO,주의,NO,높음,64.9,28.51
2019-07-19,서울(108),YES,33.7,35,28.6,22.8,61.3,NO,주의,YES,매우높음,61.2,30.17
2019-07-20,서울(108),NO,32,31.9,28,25.1,66.9,NO, ,NO,보통,63.1,30.31
2019-07-21,서울(108),NO,29.5,27,25.1,24.2,87.1,NO, ,NO,보통,87.1,25.26
2019-07-22,서울(108),NO,31.6,31,26.7,24.2,74.6,NO,주의,NO,매우높음,74.7,28.66
2019-07-23,서울(108),YES,33.1,32.9,28.1,24.4,70.8,NO, ,YES,매우높음,71.5,30.67
2019-07-24,서울(108),NO,29.7,27.2,26.5,25.2,82.3,NO, ,YES,보통,82.3,26.44
2019-07-25,서울(108),NO,30.5,27.4,26.3,25.6,90.1,NO, ,NO,높음,90.5,26.35
2019-07-26,서울(108),NO,29.3,25.9,25.1,23.7,95.3,NO, ,NO,보통,94.9,25.06
2019-07-27,서울(108),YES,33.6,33.4,28.4,24.9,76.6,NO, ,YES,보통,78.6,32.13
2019-07-28,서울(108),NO,30.6,28.2,26.1,25,88.3,NO, ,YES,보통,87.1,26.31
2019-07-29,서울(108),NO,31.5,30,27.5,25.6,74.5,NO,주의,YES,높음,75,30.13
2019-07-30,서울(108),NO,32.3,30.8,28.1,26.3,75.3,NO, ,NO,매우높음,75.3,31.49
2019-07-31,서울(108),NO,30.1,27.5,25.8,24,91.1,NO, ,NO,보통,91.3,25.87
2019-08-01,서울(108),NO,32,30.1,26.3,23.5,86.4,NO,관심,NO,높음,85.8,26.41
2019-08-02,서울(108),YES,33.7,33.1,28.4,24.7,74.6,NO,주의,YES,매우높음,74.8,32.16
2019-08-03,서울(108),YES,35.5,36,29.4,25.6,69,NO,경고,YES,매우높음,70.6,33.76
2019-08-04,서울(108),YES,34.5,34.4,28.3,25,75.9,NO,경고,YES,매우높음,73.4,32.13
2019-08-05,서울(108),YES,35.5,35.9,30.5,25.6,65.5,NO,경고,YES,매우높음,67.3,35.11
2019-08-06,서울(108),YES,35.2,36.8,31.6,27.9,51.4,NO,경고,NO,매우높음,52,34.33
2019-08-07,서울(108),NO,31.7,30.3,26.9,23.9,78.1,NO,주의,YES,높음,76.1,29.35
2019-08-08,서울(108),YES,33.4,32.7,28.9,25.9,71.4,NO,주의,YES,매우높음,72,32.7
2019-08-09,서울(108),YES,34.9,34.6,29.8,26,69,NO,경고,YES,매우높음,68.5,34.24
2019-08-10,서울(108),YES,35.8,36.5,31.5,26.6,57.9,NO,경고,YES,매우높음,59.4,35.56
2019-08-11,서울(108),YES,34.1,35.7,30.4,26.3,53.6,NO,경고,NO,매우높음,51.3,32.39
2019-08-12,서울(108),NO,31.8,28.5,26.6,24.8,91.8,NO,주의,YES,보통,91,26.53
2019-08-13,서울(108),YES,35,35.3,29.2,25.1,76.9,NO,경고,YES,매우높음,76.3,34.43
2019-08-14,서울(108),YES,35.2,35.7,30.4,25.9,63.9,NO,경고,YES,매우높음,66.2,34.78
2019-08-15,서울(108),NO,29.7,28.6,25.9,23.9,82,NO,관심,NO,보통,79.2,26.31
2019-08-16,서울(108),NO,30.8,29.5,25.9,23,74.5,NO, ,NO,보통,76.8,25.81
2019-08-17,서울(108),NO,29.7,28.8,25.9,23.4,69.5,NO, ,NO,보통,70,26.03
2019-08-18,서울(108),NO,30.2,30.7,25.6,22.6,66.5,NO, ,NO,매우높음,65.1,25.63
2019-08-19,서울(108),NO,30.5,31.3,26.3,21.2,60.6,NO,관심,NO,매우높음,62,26.15
2019-08-20,서울(108),NO,32.4,32.8,28.2,23.2,56.3,NO,주의,NO,매우높음,56.6,29.02
2019-08-21,서울(108),NO,31,30.4,27,24.4,67.3,NO,관심,NO,보통,64.7,28.67
2019-08-22,서울(108),NO,30.8,31.4,26.9,23,66.5,NO, ,NO,매우높음,67.5,28.28
2019-08-23,서울(108),NO,28.9,30.5,26.2,22.7,58.4,NO, ,NO,매우높음,58.6,26.35
2019-08-24,서울(108),NO,28.1,27.3,24.1,21.5,60.9,NO, ,NO,매우높음,60.4,23.96
2019-08-25,서울(108),NO,29.8,29.9,25,20.2,66.6,NO, ,NO,매우높음,67.3,24.7
2019-08-26,서울(108),NO,30.9,32.1,26.4,21.5,63.8,NO, ,NO,매우높음,63.9,26.28
2019-08-27,서울(108),NO,29.5,29.3,25.7,22.2,71.1,NO, ,NO,보통,70.8,25.73
2019-08-28,서울(108),NO,29.7,30.2,26.1,23.6,66.2,NO, ,NO,높음,66.6,26
2019-08-29,서울(108),NO,27.5,26.4,23.4,20.1,77.1,NO, ,NO,보통,77.6,23.59
2019-08-30,서울(108),NO,26.9,27,22.6,19.5,66.3,NO, ,NO,높음,65.3,22.62
2019-08-31,서울(108),NO,28.2,28.9,23.5,18.5,65,NO, ,NO,높음,64.5,23.4
2019-09-01,서울(108),NO,27.7,27.8,23.7,19.2,64,NO, ,NO,높음,64.4,23.63
2019-09-02,서울(108),NO,28.7,29.7,24.4,19.4,56.6,NO, ,NO,보통,57,24.35
2019-09-03,서울(108),NO,28.6,28,24.1,22,67.6,NO, ,NO,매우높음,66.7,24.17
2019-09-04,서울(108),NO,28.2,25.5,22.8,21.2,89,NO, ,NO,보통,88,22.79
2019-09-05,서울(108),NO,29.3,27.6,23,21.5,91.4,NO, ,NO,보통,91.7,23.1
2019-09-06,서울(108),NO,30.6,29.1,25.3,21.6,79.8,NO, ,NO,보통,80.4,25.04
2019-09-07,서울(108),NO,30.4,29.5,25.7,22.6,72.9,NO, ,NO,보통,73.8,25.67
2019-09-08,서울(108),NO,28.8,27.3,24.7,22.9,76.9,NO, ,NO,높음,77.1,24.67
2019-09-09,서울(108),NO,29.3,28,25.1,22.4,74.3,NO, ,NO,보통,74.8,24.92
2019-09-10,서울(108),NO,29,26.5,23.8,22.1,93.4,NO, ,NO,보통,91.7,23.88
2019-09-11,서울(108),NO,29.3,28.7,24.3,20.4,71.4,NO, ,NO,보통,73.6,24.38
2019-09-12,서울(108),NO,24.1,22.9,21,18.7,72.3,NO, ,NO,보통,69,21.28
2019-09-13,서울(108),NO,28.2,29.3,23.3,18.3,60.4,NO, ,NO,높음,62.4,22.98
2019-09-14,서울(108),NO,26.4,24.1,22.4,20.8,80,NO, ,NO,보통,77.8,22.45
2019-09-15,서울(108),NO,29.7,30,24.2,19.5,70.4,NO, ,NO,보통,72,24.09
2019-09-16,서울(108),NO,29,30.5,24.5,20.7,53,NO, ,NO,높음,55,24.58
2019-09-17,서울(108),NO,27.2,29,23.5,18,41.6,NO, ,NO,높음,40,23.41
2019-09-18,서울(108),NO,24.5,25.4,21,16,46,NO, ,NO,높음,45.7,21.5
2019-09-19,서울(108),NO,25.3,26,19.5,13.6,46.5,NO, ,NO,높음,45.6,19.39
2019-09-20,서울(108),NO,23.7,24.2,19.6,15.8,52.8,NO, ,NO,보통,51.6,19.38
2019-09-21,서울(108),NO,22.7,22.1,19.6,18.3,60.3,NO, ,NO,보통,59.7,19.72
2019-09-22,서울(108),NO,20.8,19.6,18.6,17.3,63.4,NO, ,NO,보통,63,18.64
2019-09-23,서울(108),NO,23.8,24.6,20,16.9,51.1,NO, ,NO,보통,50.1,20.11
2019-09-24,서울(108),NO,25.7,26.5,19.8,13.9,61.3,NO, ,NO,높음,60.6,19.71
2019-09-25,서울(108),NO,26.6,27.4,20.9,14.8,64.4,NO, ,NO,높음,64.2,20.77
2019-09-26,서울(108),NO,27.8,29,22.9,17.7,59.3,NO, ,NO,보통,59.6,22.73
2019-09-27,서울(108),NO,26.7,27,22.9,19.6,57.5,NO, ,NO,보통,57.5,22.92
2019-09-28,서울(108),NO,28.6,29.2,23.7,19.4,58.9,NO, ,NO,보통,58.8,23.74
2019-09-29,서울(108),NO,27,28.6,22.6,17.9,60.6,NO, ,NO,높음,60.6,22.66
2019-09-30,서울(108),NO,27.9,29.9,22.4,16.4,61,NO, ,NO,높음,62.5,22.41
2020-05-01,서울(108),NO,26.7,26.2,20.2,16.4,73.6,NO, ,NO,높음,73.2,20.12
2020-05-02,서울(108),NO,25.3,23.9,20.3,18,79.6,NO, ,NO,보통,80,20.24
2020-05-03,서울(108),NO,27.3,27.4,21.8,17,68.8,NO, ,NO,보통,69.8,21.64
2020-05-04,서울(108),NO,25.6,25.3,20.2,14.8,63.9,NO, ,NO,높음,63.7,20.7
2020-05-05,서울(108),NO,20.7,19.3,16,13.1,67.9,NO, ,NO,보통,67.6,16.18
2020-05-06,서울(108),NO,24.9,27.6,19.4,11.1,50,NO, ,NO,매우높음,52.8,18.99
2020-05-07,서울(108),NO,23.6,26.5,20.7,14.9,32.5,NO, ,NO,매우높음,32.9,20.59
2020-05-08,서울(108),NO,23.1,27.3,19.9,14.3,32.8,NO, ,NO,높음,29.3,20.33
2020-05-09,서울(108),NO,20.1,16.8,14.2,12.7,94.4,NO, ,NO,보통,93.2,14.33
2020-05-10,서울(108),NO,19.1,16.6,14.4,12.8,88.6,NO, ,NO,낮음,89.1,14.28
2020-05-11,서울(108),NO,20.8,22,16.5,12.4,61,NO, ,NO,높음,60.8,16.65
2020-05-12,서울(108),NO,20,18.9,14.3,10.5,69.4,NO, ,NO,높음,70.9,14.18
2020-05-13,서울(108),NO,20.3,21.8,16.1,10.2,47.3,NO, ,NO,매우높음,49.6,15.99
2020-05-14,서울(108),NO,22.7,25.4,19.3,12.4,35.4,NO, ,NO,높음,36.1,18.7
2020-05-15,서울(108),NO,19.6,20.2,16.1,14.1,81.4,NO, ,NO,보통,76.3,16.44
2020-05-16,서울(108),NO,22.5,20.3,16.7,15,90.3,NO, ,NO,보통,90.7,16.68
2020-05-17,서울(108),NO,25.8,24.9,19.1,14.6,80.1,NO, ,NO,보통,80.6,18.78
2020-05-18,서울(108),NO,27,26.8,19.1,13.2,79.4,NO, ,NO,보통,80.1,19.46
2020-05-19,서울(108),NO,18.4,17.1,13,10.1,73.6,NO, ,NO,보통,75.2,13.34
2020-05-20,서울(108),NO,20.3,20.1,14.4,9.2,60.4,NO, ,NO,보통,59.8,14.13
2020-05-21,서울(108),NO,22.6,22.9,17.4,10.9,56.1,NO, ,NO,매우높음,56.7,17.02
2020-05-22,서울(108),NO,23.5,22.7,18.5,14.8,68.5,NO, ,NO,높음,67.3,18.58
2020-05-23,서울(108),NO,24.9,25,20.1,16.6,66.1,NO, ,NO,높음,65.9,20.06
2020-05-24,서울(108),NO,22.3,20.2,17.1,14.3,84.8,NO, ,NO,보통,83.3,17.48
2020-05-25,서울(108),NO,22.9,21.3,16.6,13.7,81,NO, ,NO,높음,80.2,16.7
2020-05-26,서울(108),NO,23.3,22.9,16.2,12.7,81.9,NO, ,NO,높음,81.1,16.18
2020-05-27,서울(108),NO,23.8,23.9,17.4,11.8,68.5,NO, ,NO,매우높음,69.8,17.37
2020-05-28,서울(108),NO,23.3,23.4,18.7,14.2,62.8,NO, ,NO,보통,63,18.6
2020-05-29,서울(108),NO,26.7,27.6,20.7,14.6,65.6,NO, ,NO,매우높음,65.4,20.54
2020-05-30,서울(108),NO,28.1,30,22.6,16.5,57.3,NO, ,NO,매우높음,57.3,22.63
2020-05-31,서울(108),NO,27.3,28,21.2,17.6,63,NO, ,NO,매우높음,61.5,21.31
2020-06-01,서울(108),NO,23.7,24.5,19.7,16.6,64.3,NO, ,NO,높음,65.2,19.84
2020-06-02,서울(108),NO,22.1,21.8,17.9,14.8,71,NO, ,NO,보통,69,17.9
2020-06-03,서울(108),NO,28.4,28.4,22,17.6,73.3,NO, ,NO,높음,73.4,21.84
2020-06-04,서울(108),NO,27.5,26.5,21.9,19.7,81.1,NO, ,NO,높음,79.9,21.91
2020-06-05,서울(108),NO,28.6,28.7,23,18.4,69.4,NO, ,NO,매우높음,71.5,22.86
2020-06-06,서울(108),NO,29.9,30.9,24.6,19.2,63.6,NO, ,NO,매우높음,63.6,24.58
2020-06-07,서울(108),NO,29,29.2,22.7,19.2,69.4,NO, ,NO,높음,68.5,22.87
2020-06-08,서울(108),NO,31.3,32,25,19.8,63.6,NO,관심,NO,매우높음,65.5,24.78
2020-06-09,서울(108),NO,31.6,32.8,26.7,20.3,51.6,YES,주의,NO,매우높음,52.4,26.6
2020-06-10,서울(108),NO,31.5,32.1,25.8,22.5,63.8,YES,주의,NO,매우높음,60,26.07
2020-06-11,서울(108),NO,31.2,31.6,26.1,21.7,68.3,NO,관심,NO,매우높음,70,25.93
2020-06-12,서울(108),NO,28.2,27.6,24.7,21.6,68.6,NO, ,NO,매우높음,67.4,24.86
2020-06-13,서울(108),NO,32,33.5,26.9,20.6,52.8,NO, ,NO,높음,53.3,27.36
2020-06-14,서울(108),NO,29,28.8,24,20.1,70.6,NO, ,NO,매우높음,68.5,24.45
2020-06-15,서울(108),NO,27.5,28.6,23,18.2,62.3,NO, ,NO,매우높음,62.9,22.78
2020-06-16,서울(108),NO,29.9,30.7,24.4,20,63,NO, ,NO,매우높음,63.2,24.3
2020-06-17,서울(108),NO,29.9,30.3,24.3,20.2,58.6,NO, ,NO,매우높음,59.8,24.4
2020-06-18,서울(108),NO,27.2,27.3,23.4,20.3,61.4,NO, ,NO,매우높음,61.2,23.31
2020-06-19,서울(108),NO,29.8,30,24.7,21.1,61.4,NO, ,NO,보통,61.5,24.79
2020-06-20,서울(108),NO,29.8,29.7,24.9,20.7,62.6,NO,관심,NO,높음,62.7,24.9
2020-06-21,서울(108),NO,31.5,32.7,26.1,19.5,59.5,YES,관심,NO,매우높음,59.8,25.82
2020-06-22,서울(108),NO,32.9,35.4,28.6,21.7,50.5,YES,관심,NO,매우높음,52.3,29.07
2020-06-23,서울(108),NO,30.4,31,27.3,23.2,53.5,YES,주의,NO,매우높음,52.5,27.87
2020-06-24,서울(108),NO,27.6,26.3,22.3,19.9,83.5,NO, ,NO,보통,79.9,22.83
2020-06-25,서울(108),NO,25.8,23.4,21.6,20.1,91,NO, ,NO,높음,91.2,21.54
2020-06-26,서울(108),NO,27.2,25.7,21.8,19.2,82.1,NO, ,NO,높음,84,21.66
2020-06-27,서울(108),NO,30,29.6,24.1,20.4,70.4,NO, ,NO,높음,69.8,23.94
2020-06-28,서울(108),NO,30.3,30.1,25.2,21.5,70.5,NO, ,NO,매우높음,71.3,25.03
2020-06-29,서울(108),NO,28.1,26.5,23.8,20.6,77,NO, ,NO,매우높음,75.5,24.06
2020-06-30,서울(108),NO,24.8,23.1,20.1,18.4,83,NO, ,NO,보통,84,20.18
2020-07-01,서울(108),NO,25.9,24.3,21.1,18.1,79.3,NO, ,NO,높음,79.1,20.97
2020-07-02,서울(108),NO,30.2,29.8,24.2,20.4,74.5,NO, ,NO,매우높음,74.3,24.03
2020-07-03,서울(108),NO,30.3,30.6,25.5,21.6,63.5,NO, ,NO,매우높음,63.3,25.66
2020-07-04,서울(108),NO,28.9,29.5,24.2,20.4,63.9,NO, ,NO,매우높음,66.3,24.01
2020-07-05,서울(108),NO,28.1,27.6,23.8,19.9,68.6,NO, ,NO,높음,68,23.68
2020-07-06,서울(108),NO,31,30.9,25.6,21.8,66.6,NO, ,NO,매우높음,66.2,25.56
2020-07-07,서울(108),NO,29.2,28.1,24.1,22.1,75.5,NO, ,NO,보통,74.5,24.23
2020-07-08,서울(108),NO,31,30.4,25.5,21.3,71.9,NO,관심,NO,매우높음,72.4,25.45
2020-07-09,서울(108),NO,32.1,32.9,27.5,21.8,64.6,NO,관심,NO,매우높음,66.3,28.66
2020-07-10,서울(108),NO,28.7,27.7,24.5,22.7,75,NO, ,NO,보통,72.4,25.06
2020-07-11,서울(108),NO,30.5,30.2,25.8,22.2,62.6,NO, ,NO,매우높음,63.5,25.82
2020-07-12,서울(108),NO,27.3,26,23.5,21.7,71.9,NO, ,NO,높음,69.7,23.67
2020-07-13,서울(108),NO,24.7,21.7,18.7,17.7,94.8,NO, ,NO,보통,94,18.98
2020-07-14,서울(108),NO,25.7,24.3,20.3,17.2,79.4,NO, ,NO,높음,81.4,20.12
2020-07-15,서울(108),NO,28.3,28.7,23.4,18.9,63.1,NO, ,NO,매우높음,63.8,23.18
2020-07-16,서울(108),NO,30.6,29.7,25,20.4,70.9,NO,관심,NO,매우높음,70.3,24.76
2020-07-17,서울(108),NO,32,31.6,26,21.5,72,NO,관심,NO,매우높음,72.9,25.85
2020-07-18,서울(108),NO,31.6,31,26.1,22.8,71.6,NO,관심,NO,매우높음,72.1,26.03
2020-07-19,서울(108),NO,29,26.6,24,20.6,81.6,NO, ,NO,보통,80.3,23.9
2020-07-20,서울(108),NO,29.4,26.6,23.8,22.4,86.3,NO, ,NO,높음,86.1,24.1
2020-07-21,서울(108),NO,30.9,30.5,25,21.4,77,NO,관심,NO,높음,76.9,24.92
2020-07-22,서울(108),NO,28.4,25.7,23.7,22.6,89.3,NO,관심,NO,보통,88.6,23.78
2020-07-23,서울(108),NO,25.9,22.6,21.1,18.5,95.5,NO, ,NO,보통,95,21.43
2020-07-24,서울(108),NO,28,26.8,22.5,18.7,74.3,NO, ,NO,보통,76,22.33
2020-07-25,서울(108),NO,29.7,29,24.3,22.3,69.3,NO, ,NO,높음,68.5,24.48
2020-07-26,서울(108),NO,30.4,29.6,25.4,21.6,69.3,NO,관심,NO,매우높음,68.4,25.28
2020-07-27,서울(108),NO,28.4,25.5,24.3,22.9,86.4,NO, ,NO,보통,85.9,24.28
2020-07-28,서울(108),NO,28.6,26.4,24.4,22.7,84.8,NO,관심,NO,높음,84.5,24.31
2020-07-29,서울(108),NO,28.5,24.9,23.7,22.6,95.8,NO,관심,NO,보통,95.4,23.64
2020-07-30,서울(108),NO,30.4,28.4,25.3,23.4,85.5,NO,관심,NO,보통,86,25.45
2020-07-31,서울(108),NO,31.6,29.6,26.2,22.8,81.9,NO,관심,NO,높음,81.4,26.15
2020-08-01,서울(108),NO,30,26.9,25.3,24.3,90.9,NO,관심,NO,보통,90.7,25.31
2020-08-02,서울(108),NO,29.9,26.4,24.9,23.5,96.3,NO,관심,NO,보통,96.5,24.69
2020-08-03,서울(108),NO,29.5,26.3,25,23.9,96.3,NO, ,NO,보통,95.6,25.08
2020-08-04,서울(108),NO,31.8,29.4,27,25,89.3,NO, ,YES,보통,89.8,30.6
2020-08-05,서울(108),NO,32,29.1,26.5,25.5,92.1,NO, ,NO,보통,91.6,26.58
2020-08-06,서울(108),NO,29.1,26,24.1,22.9,92.8,NO, ,NO,보통,93.3,24.33
2020-08-07,서울(108),NO,28.8,26.1,24.3,22.6,85.3,NO, ,NO,보통,85.6,24.2
2020-08-08,서울(108),NO,28.9,26.1,24.2,22.7,89.5,NO, ,NO,높음,88,24.24
2020-08-09,서울(108),NO,29.1,25.8,24.9,23.7,95.4,NO, ,NO,보통,96.2,24.75
2020-08-10,서울(108),NO,32.2,29.5,26.5,24.7,91.6,NO, ,NO,보통,91.5,26.58
2020-08-11,서울(108),NO,30,27.3,24.6,22.4,92.5,NO,관심,NO,보통,92.5,24.74
2020-08-12,서울(108),YES,33.2,31.3,27.2,23.5,83.9,YES,관심,YES,높음,84.8,30.36
2020-08-13,서울(108),NO,32.5,30.3,28,26.3,82.4,YES,주의,YES,높음,82.3,32.51
2020-08-14,서울(108),NO,30.9,28,27.1,26.5,86.1,NO,주의,YES,보통,85.9,30.94
2020-08-15,서울(108),NO,30.6,27,26.1,25,96,NO,관심,YES,보통,95.6,26.1
2020-08-16,서울(108),NO,32.6,30.8,27.4,25.3,82.6,YES,주의,YES,높음,83.3,31.01
2020-08-17,서울(108),YES,33.5,32.2,28.2,26.1,77.9,YES,주의,NO,매우높음,77.8,32.38
2020-08-18,서울(108),YES,33.2,31.9,27.5,24,76.3,YES,경고,NO,매우높음,77.2,30.63
2020-08-19,서울(108),NO,32.7,31.4,27.1,23.6,76.8,YES,경고,YES,매우높음,76.5,29.72
2020-08-20,서울(108),NO,32.8,31.7,27.7,25,76,YES,경고,YES,매우높음,77.1,30.65
2020-08-21,서울(108),NO,31.5,29.2,26.6,25.2,83.1,NO,주의,NO,보통,82.9,26.61
2020-08-22,서울(108),NO,30.1,27.6,24.3,21.7,87.4,NO,관심,NO,보통,87.7,24.4
2020-08-23,서울(108),NO,31,29.9,25.3,21.5,78.4,YES,관심,NO,보통,79.7,25.02
2020-08-24,서울(108),YES,33,32,27.8,23.7,71.6,YES,주의,YES,높음,72.1,30.02
2020-08-25,서울(108),YES,34.6,34.5,29.9,26,69.5,YES,경고,YES,높음,69.2,34.18
2020-08-26,서울(108),YES,35,34.5,30.2,27,68.3,YES,주의,YES,보통,68.1,35.24
2020-08-27,서울(108),NO,31.1,28.6,27.1,25.6,84.6,YES,주의,YES,보통,82.7,30.53
2020-08-28,서울(108),NO,32.2,29.7,27.3,26,89.1,YES,주의,YES,보통,88.3,31.86
2020-08-29,서울(108),NO,31.6,29,26.8,25.5,90.1,YES,주의,NO,높음,89.6,30.63
2020-08-30,서울(108),YES,33,30.6,26.8,24.4,88.8,YES,주의,NO,보통,89.7,30.79
2020-08-31,서울(108),NO,31.8,30,26.4,23.8,77.9,YES,주의,NO,보통,78.8,26.33
2020-09-01,서울(108),NO,31,29.5,26.6,23.8,72.4,YES,관심,NO,높음,72.3,26.61
2020-09-02,서울(108),NO,28.9,26.4,24.3,22.6,91.3,NO, ,NO,보통,90.1,24.62
2020-09-03,서울(108),NO,27,25.6,22.7,20,82,NO, ,NO,보통,83.5,22.8
2020-09-04,서울(108),NO,27.1,27.5,23.3,19.9,63.9,NO, ,NO,높음,64.4,23.28
2020-09-05,서울(108),NO,28.1,27.3,23.3,19.2,66.6,NO, ,NO,높음,66.7,23.08
2020-09-06,서울(108),NO,25.9,24.4,21.7,19.5,80,NO, ,NO,보통,77.9,21.95
2020-09-07,서울(108),NO,23.8,20.6,19.2,17.5,93.5,NO, ,NO,보통,94.8,19.04
2020-09-08,서울(108),NO,27.4,26.5,23.4,20.6,71.5,NO, ,NO,높음,71.5,23.21
2020-09-09,서울(108),NO,27.1,25.3,21.1,19,83.4,NO, ,NO,보통,82.2,21.41
2020-09-10,서울(108),NO,27.9,27,22.8,18.8,75.8,NO, ,NO,높음,76.8,22.54
2020-09-11,서울(108),NO,27.6,27.1,22.4,19.2,72.6,NO, ,NO,보통,72.1,22.61
2020-09-12,서울(108),NO,25.6,23.2,20.2,18.1,83.8,NO, ,NO,보통,84.9,20.24
2020-09-13,서울(108),NO,27,26.6,21.5,16.7,70.4,NO, ,NO,보통,70.2,21.35
2020-09-14,서울(108),NO,26.2,24.9,21.3,17.6,79.3,NO, ,NO,높음,79.5,21.32
2020-09-15,서울(108),NO,28.3,27.7,23,18.9,76.4,NO, ,NO,보통,76.4,22.76
2020-09-16,서울(108),NO,26.8,24.9,22.5,21.3,79.9,NO, ,NO,보통,79,22.63
2020-09-17,서울(108),NO,24.1,23.6,21.3,20.1,70.3,NO, ,NO,보통,71.5,21.32
2020-09-18,서울(108),NO,25.3,25.8,21.5,18.1,62,NO, ,NO,높음,63.7,21.53
2020-09-19,서울(108),NO,24.7,26.2,21.2,17.6,59.3,NO, ,NO,보통,60.1,21.28
2020-09-20,서울(108),NO,24.3,24.9,19.7,15.6,57.6,NO, ,NO,높음,57.6,19.73
2020-09-21,서울(108),NO,24.3,25.3,19.1,13.6,56.1,NO, ,NO,높음,55.8,19.14
2020-09-22,서울(108),NO,24.8,25.6,20.2,15.5,55.3,NO, ,NO,높음,56,20.06
2020-09-23,서울(108),NO,24.2,23.8,19.2,15.2,59.9,NO, ,NO,보통,59.2,19.23
2020-09-24,서울(108),NO,25.6,25.4,20.6,16.8,59.6,NO, ,NO,보통,59.3,20.65
2020-09-25,서울(108),NO,25.6,25.4,20.1,16.6,64.1,NO, ,NO,보통,63.3,20.26
2020-09-26,서울(108),NO,24.7,24.8,19.3,14.8,62.5,NO, ,NO,보통,62.3,19.34
2020-09-27,서울(108),NO,25.7,25.8,20.4,14.9,63.3,NO, ,NO,높음,62.9,20.21
2020-09-28,서울(108),NO,26.1,26.5,20.7,15.7,66,NO, ,NO,보통,65.7,20.59
2020-09-29,서울(108),NO,24.2,23.9,19.6,15.3,67.6,NO, ,NO,보통,67.7,19.65
2021-05-01,서울(108),NO,15.9,15.3,10.2,8.5,80.8,NO, ,NO,보통,80.1,10.53
2021-05-02,서울(108),NO,19.1,18.7,12.4,7.3,67.9,NO, ,NO,높음,69.8,12.21
2021-05-03,서울(108),NO,19.2,20.3,14.1,8.4,56.4,NO, ,NO,매우높음,58.6,13.93
2021-05-04,서울(108),NO,19.3,15.8,13.8,11.4,82.6,NO, ,NO,보통,79.3,13.63
2021-05-05,서울(108),NO,18.3,18.4,13.9,10.3,64.4,NO, ,NO,높음,66.5,14.13
2021-05-06,서울(108),NO,22.4,23.1,15.7,7.9,46.4,NO, ,NO,높음,48.5,15.38
2021-05-07,서울(108),NO,18.3,17.2,14.4,10.7,60.3,NO, ,NO,높음,58.3,14.67
2021-05-08,서울(108),NO,20.6,21,14.3,8.9,66.1,NO, ,NO,매우높음,66.9,14.13
2021-05-09,서울(108),NO,20.1,21.8,15.7,10,51.3,NO, ,NO,매우높음,51.8,15.69
2021-05-10,서울(108),NO,16.3,14.6,13.2,11.7,67.9,NO, ,NO,보통,67.5,13.33
2021-05-11,서울(108),NO,24,25.7,18.5,9.4,48.9,NO, ,NO,매우높음,52.3,18.02
2021-05-12,서울(108),NO,26,27.7,22,16.9,39.5,NO, ,NO,높음,37.5,21.75
2021-05-13,서울(108),NO,28.5,29.6,22.9,16.6,54.4,NO, ,NO,매우높음,53.8,22.77
2021-05-14,서울(108),NO,29.6,30.8,24.1,18,60.3,NO, ,NO,매우높음,60.2,23.95
2021-05-15,서울(108),NO,27.2,26.2,22.1,20.8,79.5,NO, ,NO,보통,77.7,22.06
2021-05-16,서울(108),NO,24.4,20.8,18.4,14.8,97.6,NO, ,NO,보통,97.4,18.85
2021-05-17,서울(108),NO,19.7,16.7,15.3,14.2,93,NO, ,NO,보통,92.9,15.28
2021-05-18,서울(108),NO,25.1,24.5,17.9,13.6,70.5,NO, ,NO,매우높음,74.3,17.83
2021-05-19,서울(108),NO,25.4,26.6,19.9,12.4,52.3,NO, ,NO,매우높음,52.4,19.53
2021-05-20,서울(108),NO,23.3,22.9,18.7,15.6,59.8,NO, ,NO,보통,56.2,19.05
2021-05-21,서울(108),NO,20.4,18.2,16,14.2,86.5,NO, ,NO,보통,86.5,15.97
2021-05-22,서울(108),NO,24.5,23.8,18.6,13.8,69.3,NO, ,NO,매우높음,70.6,18.58
2021-05-23,서울(108),NO,25.3,25.1,19.5,14.3,64.4,NO, ,NO,높음,65.4,19.49
2021-05-24,서울(108),NO,24.4,24.5,19.4,16.4,61,NO, ,NO,매우높음,59,19.54
2021-05-25,서울(108),NO,20.4,19.3,15.3,11.9,72.3,NO, ,NO,높음,70.7,15.64
2021-05-26,서울(108),NO,22.2,23,18,11.5,58.5,NO, ,NO,높음,60.8,17.64
2021-05-27,서울(108),NO,21.2,18.7,15.8,13.9,83,NO, ,NO,보통,80.5,16.15
2021-05-28,서울(108),NO,21.6,19.7,15.3,12.4,86,NO, ,NO,보통,86.8,15.08
2021-05-29,서울(108),NO,20.6,19.1,15.4,12.8,79.8,NO, ,NO,매우높음,78.5,15.65
2021-05-30,서울(108),NO,25.8,26.3,18.4,10.8,73,NO, ,NO,매우높음,72.6,18.03
2021-05-31,서울(108),NO,25.2,23.8,19.9,16.5,78.9,NO, ,NO,보통,80.4,19.69
2021-06-01,서울(108),NO,25.1,23.9,20.2,15.9,74.6,NO, ,NO,보통,75.1,20.3
2021-06-02,서울(108),NO,28.8,29.7,23.2,16.6,64.4,NO, ,NO,매우높음,65.5,23.01
2021-06-03,서울(108),NO,24.1,22.7,19.1,14.6,80.8,NO, ,NO,보통,80.1,19.71
2021-06-04,서울(108),NO,23.2,23.6,18.5,13.3,69.4,NO, ,NO,매우높음,70.8,18.13
2021-06-05,서울(108),NO,26,25.7,20.8,17,68.1,NO, ,NO,매우높음,67,20.68
2021-06-06,서울(108),NO,28.4,28.2,23,18.4,69.6,NO, ,NO,높음,70.8,22.75
2021-06-07,서울(108),NO,25,24,21.1,19.4,71.5,NO, ,NO,보통,71.8,21.14
2021-06-08,서울(108),NO,29.6,29.5,23.6,18.8,69.6,NO, ,NO,높음,69.8,23.43
2021-06-09,서울(108),NO,30.7,31.6,25.8,19.5,59.1,NO, ,NO,매우높음,60,25.57
2021-06-10,서울(108),NO,29.6,29.8,24.9,20.5,68.5,NO, ,NO,보통,65,25.3
2021-06-11,서울(108),NO,26.3,24.4,21.5,19.9,84.5,NO, ,NO,보통,84.3,21.53
2021-06-12,서울(108),NO,30.7,30.2,24.2,18.2,74.6,NO, ,NO,매우높음,75.5,23.88
2021-06-13,서울(108),NO,30.3,29.7,24.8,20.9,72.6,NO, ,NO,매우높음,72.8,24.92
2021-06-14,서울(108),NO,30.8,30.2,24.8,18.9,68.8,NO,관심,NO,매우높음,70.2,24.63
2021-06-15,서울(108),NO,27,25.3,22.5,21.5,79.1,NO, ,NO,보통,79.1,22.63
2021-06-16,서울(108),NO,28.9,28.9,24.3,20.3,59.9,NO, ,NO,높음,60.5,24.37
2021-06-17,서울(108),NO,26,25,21.9,19.6,71.4,NO, ,NO,보통,70,21.88
2021-06-18,서울(108),NO,24.1,21.4,20,19,92.1,NO, ,NO,보통,91.2,20.11
2021-06-19,서울(108),NO,28.2,27.4,22.3,17.5,74,NO, ,NO,매우높음,74.3,22.26
2021-06-20,서울(108),NO,29.2,29,22.9,17.6,73.3,NO, ,NO,매우높음,73.2,22.89
2021-06-21,서울(108),NO,28.5,28.5,23.6,19.2,67,NO, ,NO,매우높음,68.5,23.48
2021-06-22,서울(108),NO,28.3,28.6,22.8,19.7,67.9,NO, ,NO,보통,65.8,23.17
2021-06-23,서울(108),NO,28,27.9,22.4,18.8,70.5,NO, ,NO,보통,70.8,22.2
2021-06-24,서울(108),NO,28.7,28,23,18.5,71.1,NO, ,NO,보통,72.2,22.86
2021-06-25,서울(108),NO,29.6,29.5,24.1,19.5,69,NO, ,NO,높음,68.2,24.03
2021-06-26,서울(108),NO,28.1,26.7,22.8,19.9,78.5,NO, ,NO,보통,78.6,22.87
2021-06-27,서울(108),NO,30.7,30.8,24.5,19.8,72.1,NO,관심,NO,매우높음,72.9,24.18
2021-06-28,서울(108),NO,30.2,29.2,23.7,21,76.4,NO,관심,NO,보통,77.5,23.59
2021-06-29,서울(108),NO,29.3,28.4,23.9,21.3,78.6,NO, ,NO,높음,78.9,23.82
2021-06-30,서울(108),NO,29.7,28.8,24.3,21,77.9,NO, ,NO,높음,79.4,24.13
2021-07-01,서울(108),NO,31.3,31,26.3,21.4,70.9,YES,관심,NO,매우높음,71.4,26.18
2021-07-02,서울(108),NO,31.9,31.8,27.1,23.6,64.1,YES,주의,NO,매우높음,64.5,28.54
2021-07-03,서울(108),NO,27.1,25.7,22.6,19.6,80,NO, ,NO,보통,77.3,23.06
2021-07-04,서울(108),NO,26.8,23.1,21.4,19.8,96.8,NO, ,NO,보통,97.5,21.28
2021-07-05,서울(108),NO,28.4,26.9,23.3,20.1,80.3,NO, ,NO,보통,81.2,23.06
2021-07-06,서울(108),NO,30.7,30.1,25.3,21,73.4,NO, ,NO,매우높음,74.5,25.14
2021-07-07,서울(108),NO,30.8,29.1,26.4,23.9,78.5,NO,관심,NO,높음,77,26.3
2021-07-08,서울(108),NO,31.5,29.8,26,23.8,81.6,NO,관심,NO,보통,83.5,25.96
2021-07-09,서울(108),NO,30.6,29.2,25.5,23.6,77.3,NO,관심,NO,높음,77.6,25.41
2021-07-10,서울(108),NO,30.6,29.2,25.9,23.1,80.4,YES,관심,NO,높음,78.7,25.81
2021-07-11,서울(108),NO,30.3,27.5,25.7,24.1,86.8,YES,주의,NO,보통,86.6,25.75
2021-07-12,서울(108),YES,33.6,32.5,28.1,23.8,75.1,YES,주의,YES,높음,75.9,31.23
2021-07-13,서울(108),NO,32.9,31.5,28.8,26.3,76.1,YES,주의,YES,높음,76,33.13
2021-07-14,서울(108),YES,34.4,33.5,29.7,26.1,71.4,YES,경고,YES,높음,71.6,34.61
2021-07-15,서울(108),YES,35,34.5,29.1,25.9,71.1,YES,경고,NO,매우높음,71.1,33.71
2021-07-16,서울(108),YES,35.2,35.2,28.8,24.2,68.4,YES,경고,NO,높음,68.2,31.75
2021-07-17,서울(108),YES,33.2,32.8,29.1,24.7,63.1,YES,경고,YES,높음,63.8,31.28
2021-07-18,서울(108),YES,33.9,34.1,29.6,25.7,62.5,YES,경고,YES,높음,62.2,32.54
2021-07-19,서울(108),NO,31.7,30.5,26.4,24,80.1,YES,경고,NO,매우높음,77.5,29.17
2021-07-20,서울(108),YES,33,31.8,27.9,23.6,75.8,YES,경고,YES,높음,77.3,30.82
2021-07-21,서울(108),YES,35,35.3,30.5,25.3,64,YES,경고,YES,매우높음,65.4,34.69
2021-07-22,서울(108),YES,34.7,35.9,31.2,26.5,59.8,YES,경고,YES,매우높음,59.9,35.12
2021-07-23,서울(108),YES,35.3,35.8,31.2,27.2,61.8,YES,경고,YES,매우높음,61.1,35.73
2021-07-24,서울(108),YES,35.5,36.5,31.7,26.9,57.4,YES,경고,YES,매우높음,58.9,35.86
2021-07-25,서울(108),YES,35.1,35.9,31.5,27.2,55.8,YES,경고,YES,매우높음,55.8,34.84
2021-07-26,서울(108),YES,34.9,35.4,31.2,27.4,54.9,YES,경고,YES,매우높음,55.1,34.26
2021-07-27,서울(108),YES,35.4,35.7,31.1,27.8,60.5,YES,경고,YES,매우높음,60.1,34.86
2021-07-28,서울(108),YES,35.1,34.7,30.4,27.1,67.4,YES,경고,YES,매우높음,66.9,35.01
2021-07-29,서울(108),YES,34.3,33.3,29.6,27,69.9,YES,경고,YES,매우높음,70.3,34.48
2021-07-30,서울(108),YES,34.9,35.4,30.5,25.8,63.1,YES,경고,YES,매우높음,63.1,34.13
2021-07-31,서울(108),YES,34.7,34.3,29.8,26.8,69.9,YES,경고,YES,높음,70.7,34.7
2021-08-01,서울(108),NO,31.5,28.8,27.1,25.1,81.8,YES,주의,YES,보통,81,30.56
2021-08-02,서울(108),NO,30.5,28.6,26.5,25,82.6,YES,주의,NO,보통,83.5,26.43
2021-08-03,서울(108),NO,32.9,31.4,28,24.1,76.9,YES,주의,YES,높음,77.7,31.04
2021-08-04,서울(108),YES,33.8,33.2,28.9,26.3,70.6,YES,주의,YES,높음,70.6,32.88
2021-08-05,서울(108),YES,34.2,33.7,29.4,25.6,68.1,YES,경고,YES,매우높음,68.3,32.85
2021-08-06,서울(108),YES,33.3,32.2,28.1,26,68.4,YES,경고,NO,보통,69.1,30.89
2021-08-07,서울(108),NO,32.4,32.3,28,23.4,65,YES,경고,NO,매우높음,66.2,29.93
2021-08-08,서울(108),YES,33,32.1,26.8,24.4,74.8,YES,경고,NO,높음,75.3,28.94
2021-08-09,서울(108),YES,33.1,33.6,28.3,23.3,62.4,YES,경고,NO,높음,63.4,30.05
2021-08-10,서울(108),NO,32.2,32.2,27.7,24.3,62.5,YES,경고,NO,높음,62.3,29.32
2021-08-11,서울(108),NO,32.3,31.6,27.4,24.1,70.3,YES,주의,NO,높음,70.2,29.44
2021-08-12,서울(108),NO,32.4,31.7,26.8,24,67.1,YES,주의,NO,높음,68,28.59
2021-08-13,서울(108),NO,31.1,30.1,26.6,23.4,70.4,YES,주의,NO,높음,70.8,26.41
2021-08-14,서울(108),NO,30.7,30.5,26.1,23.4,63.9,NO,관심,NO,보통,64.6,26.26
2021-08-15,서울(108),NO,31.8,32.4,26.9,21.7,59.6,NO,관심,NO,매우높음,59.6,27.83
2021-08-16,서울(108),NO,31.9,32.8,27.3,22.5,61.1,NO,관심,NO,매우높음,61,28.53
2021-08-17,서울(108),NO,31.1,31.3,25.9,21.9,65,NO,관심,NO,높음,63.5,26.23
2021-08-18,서울(108),NO,30.9,31,24.3,20.6,69.6,NO,관심,NO,높음,71.3,24.27
2021-08-19,서울(108),NO,30.9,31.5,26,21,57.1,NO,관심,NO,매우높음,58.1,25.76
2021-08-20,서울(108),NO,30.9,30.7,26.6,22.6,63.6,NO,관심,NO,높음,61.9,27.88
2021-08-21,서울(108),NO,28.1,25.5,23.8,21,88.1,NO, ,NO,보통,87.1,23.79
2021-08-22,서울(108),NO,28.5,27,24.4,22.4,81.5,NO, ,NO,높음,81.9,24.44
2021-08-23,서울(108),NO,26.9,24,22.4,21,89.3,NO, ,NO,보통,89.2,22.57
2021-08-24,서울(108),NO,29.8,26.4,23.4,21.1,93.6,NO, ,NO,보통,94,23.13
2021-08-25,서울(108),NO,29.5,27.3,25,23.5,85.5,NO, ,NO,보통,86.5,24.88
2021-08-26,서울(108),NO,30.4,27.9,25.5,22.9,84.9,NO, ,NO,보통,85.5,25.29
2021-08-27,서울(108),NO,28.3,25.5,22.4,20.4,83.5,NO, ,NO,보통,83.8,22.91
2021-08-28,서울(108),NO,29.2,28.2,23.6,19.7,80.4,NO, ,NO,높음,81.1,23.28
2021-08-29,서울(108),NO,28.1,26.3,23.7,21.9,82.6,NO, ,NO,보통,82,23.77
2021-08-30,서울(108),NO,28.9,27.7,24.2,21.2,77.5,NO, ,NO,매우높음,78.3,24.19
2021-08-31,서울(108),NO,26.1,23.1,20.5,18.1,93.3,NO, ,NO,보통,91.4,20.7
2021-09-01,서울(108),NO,26,23.9,21.4,18.5,83.1,NO, ,NO,보통,85.1,21.13
2021-09-02,서울(108),NO,27.6,26.7,23.5,20.7,70.3,NO, ,NO,보통,70.4,23.32
2021-09-03,서울(108),NO,28.6,29.2,24.3,20.6,60.3,NO, ,NO,매우높음,61.5,24.51
2021-09-04,서울(108),NO,28.6,28.6,23.2,18.5,57,NO, ,NO,매우높음,57.7,23.12
2021-09-05,서울(108),NO,27.7,27.3,23.1,19.4,61.1,NO, ,NO,높음,60.2,22.96
2021-09-06,서울(108),NO,26.8,26.4,22.3,18,70.1,NO, ,NO,높음,67.2,22.55
2021-09-07,서울(108),NO,24.6,20.9,19.6,17.6,98.1,NO, ,NO,보통,98,19.4
2021-09-08,서울(108),NO,28,26.9,22.2,19,81.3,NO, ,NO,높음,82.1,22.23
2021-09-09,서울(108),NO,29.4,29.1,23.5,19.1,76.5,NO, ,NO,높음,77,23.42
2021-09-10,서울(108),NO,29.2,28.9,23.6,19.5,76,NO, ,NO,보통,75.7,23.6
2021-09-11,서울(108),NO,29.7,29.4,24,19.9,73.1,NO, ,NO,높음,73.6,23.93
2021-09-12,서울(108),NO,29.6,29.8,24.2,19.2,64.6,NO, ,NO,높음,64.5,24.25
2021-09-13,서울(108),NO,30.7,30.3,24.8,20.8,67.1,NO, ,NO,높음,67.6,24.61
2021-09-14,서울(108),NO,29.1,29.5,24.6,20,63.3,NO, ,NO,높음,63.5,24.66
2021-09-15,서울(108),NO,28.6,28.9,23.6,19.5,57.5,NO, ,NO,높음,57.6,23.69
2021-09-16,서울(108),NO,27.3,27.3,22.9,18,61.1,NO, ,NO,높음,60.6,22.78
2021-09-17,서울(108),NO,28.2,28.2,23.5,20.5,61.4,NO, ,NO,높음,62,23.51
2021-09-18,서울(108),NO,29.6,29.8,23.9,18.9,65.1,NO, ,NO,높음,64.4,23.73
2021-09-19,서울(108),NO,28.5,27.8,23.7,20.8,62.9,NO, ,NO,보통,64.2,23.8
2021-09-20,서울(108),NO,28.4,28.4,23.7,19,63.6,NO, ,NO,높음,63.6,23.44
2021-09-21,서울(108),NO,27.5,26.2,22,17.4,85.1,NO, ,NO,보통,82.4,22.43
2021-09-22,서울(108),NO,25.5,24.3,20.2,16.8,79,NO, ,NO,보통,80.3,20.17
2021-09-23,서울(108),NO,26.1,25.9,20.9,16.9,67.3,NO, ,NO,보통,67.5,20.73
2021-09-24,서울(108),NO,27,26.9,21.8,16.7,67.5,NO, ,NO,높음,67.9,21.71
2021-09-25,서울(108),NO,24.8,23.1,21.2,18.7,72.6,NO, ,NO,보통,72.7,21.06
2021-09-26,서울(108),NO,27.6,27.3,22.6,18.4,63,NO, ,NO,보통,64.5,22.6
2021-09-27,서울(108),NO,25.7,25,21.6,18.7,66,NO, ,NO,보통,65.4,21.49
2021-09-28,서울(108),NO,25.5,24.4,21.5,19.6,75.1,NO, ,NO,보통,73.7,21.46
2021-09-29,서울(108),NO,24.9,21.4,20.2,17.8,93.5,NO, ,NO,보통,93.7,20.31
2021-09-30,서울(108),NO,27.3,25.9,20.3,16,83.9,NO, ,NO,높음,84.3,20.26
2022-05-01,서울(108),NO,17.9,19.2,13.4,7.9,54.8,NO, ,NO,매우높음,54.4,13.4
2022-05-02,서울(108),NO,18.1,19.4,14.2,9.1,56.5,NO, ,NO,매우높음,58.8,14.08
2022-05-03,서울(108),NO,19.2,20.8,14.8,9.1,45.9,NO, ,NO,매우높음,47.5,14.79
2022-05-04,서울(108),NO,24,25.2,17.8,10,43.3,NO, ,NO,높음,44,17.56
2022-05-05,서울(108),NO,24.6,25.8,18.9,12.5,48.1,NO, ,NO,높음,46.5,18.8
2022-05-06,서울(108),NO,25.3,25.6,19.6,13.7,67.1,NO, ,NO,높음,66.3,19.47
2022-05-07,서울(108),NO,21.3,23.1,18.4,15.3,52.4,NO, ,NO,높음,56.8,18.59
2022-05-08,서울(108),NO,17.6,18.2,15.3,11.7,51.8,NO, ,NO,보통,48.4,15.73
2022-05-09,서울(108),NO,23.8,25.3,17.9,11,56.4,NO, ,NO,높음,58.2,17.58
2022-05-10,서울(108),NO,23.2,26.3,19.9,13.6,39,NO, ,NO,높음,40.2,19.71
2022-05-11,서울(108),NO,24.3,25.2,19.7,16.6,50,NO, ,NO,높음,48.7,19.75
2022-05-12,서울(108),NO,26.6,28.1,20.9,14.1,51.5,NO, ,NO,높음,52.9,20.67
2022-05-13,서울(108),NO,24,25.2,19.4,15,45.8,NO, ,NO,보통,45.1,19.76
2022-05-14,서울(108),NO,19.3,20,15.7,11.9,45.5,NO, ,NO,매우높음,46.2,15.91
2022-05-15,서울(108),NO,20.8,22.4,16.2,10.5,39.8,NO, ,NO,매우높음,39.1,16.16
2022-05-16,서울(108),NO,22.8,23.7,17.3,10.9,56,NO, ,NO,매우높음,54.2,17.15
2022-05-17,서울(108),NO,26.5,27.4,20,13,60,NO, ,NO,매우높음,60.2,19.85
2022-05-18,서울(108),NO,24.8,25.4,20,15.7,59.4,NO, ,NO,높음,60.8,19.88
2022-05-19,서울(108),NO,24,24.2,19.9,16.1,53.6,NO, ,NO,매우높음,54,19.96
2022-05-20,서울(108),NO,25.1,25.8,20.6,15.6,52.8,NO, ,NO,높음,51.5,20.65
2022-05-21,서울(108),NO,26.2,26,20.1,16.1,70.8,NO, ,NO,매우높음,70,20.26
2022-05-22,서울(108),NO,26.2,25.8,20.3,15.7,70.9,NO, ,NO,매우높음,71,20.05
2022-05-23,서울(108),NO,29.9,30.7,23,17.8,63.5,NO, ,NO,매우높음,64.8,22.85
2022-05-24,서울(108),NO,28.5,30.2,22.9,16.7,56.8,NO, ,NO,매우높음,57.5,22.85
2022-05-25,서울(108),NO,26.3,26.7,21,16.7,66.6,NO, ,NO,매우높음,65.4,21.18
2022-05-26,서울(108),NO,22.4,23.5,18.7,14.1,59.9,NO, ,NO,매우높음,61.3,18.64
2022-05-27,서울(108),NO,25.5,25.6,20,16,62.5,NO, ,NO,높음,62.1,19.95
2022-05-28,서울(108),NO,28.3,29.3,22.3,15,54.1,NO, ,NO,매우높음,56.1,22.09
2022-05-29,서울(108),NO,28.8,29.7,23.1,19.3,66.4,NO, ,NO,높음,65,23.1
2022-05-30,서울(108),NO,25.7,24.7,20.8,17.2,71,NO, ,NO,보통,72.9,21.08
2022-05-31,서울(108),NO,25,27.2,20.7,14.2,42.4,NO, ,NO,매우높음,44.8,20.5
2022-06-01,서울(108),NO,26.1,28.6,22.1,16.2,41.6,NO, ,NO,매우높음,39.7,22.27
2022-06-02,서울(108),NO,27,26.9,21.5,17.1,67.4,NO, ,NO,매우높음,66.1,21.38
2022-06-03,서울(108),NO,30.7,32.6,24.5,18.7,62.8,NO, ,NO,매우높음,63.9,24.1
2022-06-04,서울(108),NO,28.8,29.7,25.6,20.3,57,NO, ,NO,높음,58.6,25.34
2022-06-05,서울(108),NO,26.1,27,22.7,20.2,59.8,NO, ,NO,보통,58,23.08
2022-06-06,서울(108),NO,24.1,24.5,19.7,16.7,69,NO, ,NO,보통,69.5,19.99
2022-06-07,서울(108),NO,24,25.1,20.6,15.1,54.5,NO, ,NO,낮음,54.4,20.42
2022-06-08,서울(108),NO,25.4,25.8,21.2,16.2,61.6,NO, ,NO,매우높음,60.4,21.05
2022-06-09,서울(108),NO,24.9,24.5,20.9,18.5,76.1,NO, ,NO,높음,75.8,20.88
2022-06-10,서울(108),NO,26.5,26.6,20.9,17.2,75.8,NO, ,NO,매우높음,76.1,20.9
2022-06-11,서울(108),NO,30.7,32.7,24.6,17.7,59.6,NO, ,NO,매우높음,60.5,24.56
2022-06-12,서울(108),NO,29.7,31.5,24.6,18.9,58.9,NO, ,NO,높음,57.3,24.62
2022-06-13,서울(108),NO,29,29.2,23.6,19.6,68.5,NO, ,NO,보통,70.7,23.56
2022-06-14,서울(108),NO,26.1,27.1,21.5,17.7,56.4,NO, ,NO,보통,55,21.81
2022-06-15,서울(108),NO,22.5,20.1,17.5,14.9,92.4,NO, ,NO,보통,90.6,17.43
2022-06-16,서울(108),NO,24.9,24.8,20.3,17.6,78.4,NO, ,NO,매우높음,79,20.46
2022-06-17,서울(108),NO,28.4,28.1,22.5,16.5,76.4,NO, ,NO,보통,75.8,22.25
2022-06-18,서울(108),NO,26.7,25.1,23.3,22,79.6,NO,관심,NO,보통,79.8,23.38
2022-06-19,서울(108),NO,26.7,25.1,23.4,22.3,81.6,NO,관심,NO,높음,81.2,23.42
2022-06-20,서울(108),NO,29.6,29,25.2,22,76.6,NO,관심,NO,보통,76.4,25.08
2022-06-21,서울(108),NO,32.4,32.6,26.5,21.2,72.6,NO,관심,NO,매우높음,72.6,26.53
2022-06-22,서울(108),NO,30.7,31,25.9,21.9,71.1,NO,관심,NO,높음,70.6,25.85
2022-06-23,서울(108),NO,28.6,26.4,24.3,23.3,89.1,NO, ,NO,보통,87.5,24.38
2022-06-24,서울(108),NO,26.8,24.9,22.6,20.6,90.9,NO, ,NO,높음,91.3,22.85
2022-06-25,서울(108),NO,31.9,30.5,26,21.5,80.4,YES,관심,NO,매우높음,80.5,25.63
2022-06-26,서울(108),NO,30.1,28.1,26.5,24.8,82.1,YES,관심,YES,높음,82.8,26.35
2022-06-27,서울(108),NO,30.1,28.1,26.8,25.4,84.4,NO,주의,YES,보통,85,29.45
2022-06-28,서울(108),NO,29.7,27.9,26.9,25.7,81.9,NO, ,NO,보통,80.3,30.08
2022-06-29,서울(108),NO,29.1,26.1,25.1,24.4,95.5,NO, ,NO,보통,94.8,25.2
2022-06-30,서울(108),NO,27.8,24.5,22.3,21.2,99.3,NO,관심,NO,보통,99.6,22.5
2022-07-01,서울(108),NO,31.8,30.9,26.6,21.9,83.3,YES,관심,NO,높음,83.8,26.36
2022-07-02,서울(108),YES,33.7,33.8,28.8,24,72.8,YES,주의,NO,매우높음,74.1,32.62
2022-07-03,서울(108),YES,33.7,34.2,29.3,24.4,68.6,YES,주의,YES,매우높음,68.5,32.98
2022-07-04,서울(108),YES,33.1,32.6,29.3,26.4,71.8,YES,주의,YES,높음,72,33.61
2022-07-05,서울(108),YES,33.7,33.1,29.2,26.7,73.8,YES,경고,YES,매우높음,73.9,33.99
2022-07-06,서울(108),YES,34.1,33.3,29.5,26.2,76,YES,경고,YES,높음,75.5,34.84
2022-07-07,서울(108),NO,32.7,31,28.2,26.4,82.3,YES,경고,NO,높음,82.8,33.46
2022-07-08,서울(108),NO,29.6,27.9,25.8,24,84.4,NO,관심,NO,높음,84,26.13
2022-07-09,서울(108),NO,32,30.9,26.9,24,82.1,YES,주의,NO,높음,82.7,29.4
2022-07-10,서울(108),YES,34.6,35.1,29.2,24.6,68,YES,주의,NO,매우높음,70.3,32.76
2022-07-11,서울(108),NO,31.3,30.6,27,24.7,75,NO,주의,NO,매우높음,73.8,29.25
2022-07-12,서울(108),NO,30.7,29.4,26.8,23.2,73.1,NO,관심,NO,높음,73.1,28.56
2022-07-13,서울(108),NO,29,27.1,25,24,93.9,NO, ,NO,보통,92.2,25.15
2022-07-14,서울(108),NO,30.9,29.9,25.7,23.3,84.6,NO, ,NO,높음,85.4,25.78
2022-07-15,서울(108),NO,30.9,30.3,26,23,76.5,NO,관심,NO,높음,76.9,26.12
2022-07-16,서울(108),NO,29.5,28.2,24.8,23.2,83.4,NO,관심,NO,높음,82.9,25.01
2022-07-17,서울(108),NO,30.6,29.7,25.5,22.5,78.9,NO,관심,NO,보통,80.2,25.35
2022-07-18,서울(108),NO,31.1,30.1,26.8,23.1,76,NO, ,NO,높음,75,28.87
2022-07-19,서울(108),NO,31.6,31.1,27.4,24.3,74.1,NO,관심,NO,매우높음,73.8,29.79
2022-07-20,서울(108),NO,30.9,30.4,27.1,24.3,76.1,NO,관심,NO,높음,75.6,29.64
2022-07-21,서울(108),NO,27.2,25.2,23.2,20.8,87.6,NO,관심,NO,보통,87.7,23.27
2022-07-22,서울(108),NO,29.4,27.5,25.1,22.9,81.5,NO, ,NO,보통,81.2,25.01
2022-07-23,서울(108),NO,29.3,28,24.8,22.3,83.6,NO, ,NO,높음,83.6,24.93
2022-07-24,서울(108),NO,30.1,28.4,25,22,86.9,NO,관심,NO,보통,87.2,24.9
2022-07-25,서울(108),NO,32.2,32,27.5,23.6,75,YES,관심,NO,매우높음,75.8,30.12
2022-07-26,서울(108),YES,33.2,33.1,28.9,24.4,72.5,YES,주의,YES,매우높음,72.3,32.65
2022-07-27,서울(108),YES,33.4,33.4,29.3,26.4,66.3,YES,주의,YES,매우높음,67.5,33.02
2022-07-28,서울(108),YES,34.1,34.4,29.7,25.1,63.8,YES,주의,YES,높음,63.3,32.59
2022-07-29,서울(108),YES,34.5,34.3,30.7,27.3,68.1,YES,주의,YES,매우높음,68,36.02
2022-07-30,서울(108),YES,35.7,36.1,30.9,27.3,68.4,YES,경고,YES,매우높음,67.1,36.9
2022-07-31,서울(108),NO,30.8,29,27.2,25.4,85.8,NO,경고,YES,보통,84,31.39
2022-08-01,서울(108),YES,33.8,32.4,28.6,25.4,82.4,NO,관심,YES,높음,83.5,33.59
2022-08-02,서울(108),NO,30.6,28.5,26.8,25.5,90,NO,관심,YES,높음,88.6,30.93
2022-08-03,서울(108),NO,32,30,27.1,25.2,90.1,NO,관심,YES,보통,90.5,31.25
2022-08-04,서울(108),YES,33.9,32.9,28.9,26,79.3,YES,관심,YES,높음,79.9,34.43
2022-08-05,서울(108),YES,33.6,32.7,29.4,27,76.6,YES,주의,YES,높음,77.3,34.81
2022-08-06,서울(108),NO,32.5,30.3,28.7,27.4,85.3,YES,주의,YES,보통,84.7,34.9
2022-08-07,서울(108),YES,33.4,31.7,28.9,27.2,82.1,YES,주의,YES,보통,82.6,35.02
2022-08-08,서울(108),NO,30.9,28.4,26.8,,91.6,NO,주의,YES,보통,90.9,30.99
2022-08-09,서울(108),NO,29.6,26.5,25.1,22,96,NO, ,NO,보통,96,25.48
2022-08-10,서울(108),NO,30.1,28.8,24.7,21.4,85.3,NO, ,NO,보통,86.5,24.41
2022-08-11,서울(108),NO,29.5,27.5,25,23.4,87.9,NO, ,NO,보통,88.1,24.91
2022-08-12,서울(108),NO,31.9,32.4,27,23,73.8,NO,관심,YES,매우높음,74.8,29.08
2022-08-13,서울(108),NO,29.8,27.5,25.8,24.7,82.8,NO,관심,NO,보통,81.9,25.73
2022-08-14,서울(108),NO,32.9,31.5,27.6,24.5,83,YES,관심,YES,보통,83,31.35
2022-08-15,서울(108),NO,31.6,29.8,28.1,26.6,83,YES,주의,NO,보통,83.3,33.02
2022-08-16,서울(108),NO,30.8,30,26.7,24.1,75.4,NO,주의,NO,매우높음,75.2,29.04
2022-08-17,서울(108),NO,31.5,30.5,26,22.8,76.6,NO,관심,NO,높음,76.9,26.13
2022-08-18,서울(108),NO,30.2,29.8,25.6,22.4,75.8,NO,관심,NO,보통,76.1,25.45
2022-08-19,서울(108),NO,30.3,27.5,26,23.3,86.1,NO, ,YES,낮음,85.1,25.66
2022-08-20,서울(108),NO,32.9,32,28.2,25.7,80,YES, ,NO,낮음,80.9,32.73
2022-08-21,서울(108),NO,32.8,32,28.1,24.7,75.3,YES,주의,YES,낮음,75,31.55
2022-08-22,서울(108),NO,31.2,30.2,26.8,22.9,75.6,NO,주의,NO,보통,75.5,29.6
2022-08-23,서울(108),NO,30.6,30.2,25.4,22.4,75,NO,관심,NO,높음,76.9,25.36
2022-08-24,서울(108),NO,28.6,27.9,24.8,22.4,66.9,NO, ,NO,보통,66.7,24.73
2022-08-25,서울(108),NO,26.1,24,22.2,21.1,78,NO, ,NO,보통,78.4,22.41
2022-08-26,서울(108),NO,28.8,28.4,23.8,19.9,75.3,NO, ,NO,매우높음,75.4,23.6
2022-08-27,서울(108),NO,25.4,25.5,21.5,17.6,63.1,NO, ,NO,매우높음,63.9,21.71
2022-08-28,서울(108),NO,27.1,28.4,22.6,16.1,59.4,NO, ,NO,매우높음,59.5,22.35
2022-08-29,서울(108),NO,24,22.5,21,19.5,74,NO, ,NO,보통,74.3,21.12
2022-08-30,서울(108),NO,22.8,20.3,19.1,17.9,96.3,NO, ,NO,낮음,94.4,19.15
2022-08-31,서울(108),NO,26.4,24.9,21.7,19.6,83.3,NO, ,NO,높음,84.3,21.63
2022-09-01,서울(108),NO,30.1,30.4,24,18.3,70.8,NO, ,NO,매우높음,72.5,23.86
2022-09-02,서울(108),NO,29.4,29.8,24.7,20.3,61.8,NO, ,NO,높음,63.3,24.67
2022-09-03,서울(108),NO,29.4,29.2,24.2,20.5,63,NO, ,NO,보통,62.6,24.04
2022-09-04,서울(108),NO,27.3,24,22.3,19.8,88.6,NO, ,NO,낮음,86.2,22.25
2022-09-05,서울(108),NO,25.8,22.7,19.2,17.7,95.9,NO, ,NO,보통,96.1,19.61
2022-09-06,서울(108),NO,25.9,26.3,21,17,78,NO, ,NO,높음,79.1,20.75
2022-09-07,서울(108),NO,26.9,28.1,22.8,17.9,65.3,NO, ,NO,높음,65.9,22.8
2022-09-08,서울(108),NO,28.5,29.5,23.2,16.7,65.5,NO, ,NO,매우높음,66,23
2022-09-09,서울(108),NO,29.4,30.8,24.3,18.9,59.1,NO, ,NO,매우높음,61.5,24.32
2022-09-10,서울(108),NO,27.4,28.4,23.6,19,52.3,NO, ,NO,높음,51,23.53
2022-09-11,서울(108),NO,26.7,26.4,23.3,20.6,68.6,NO, ,NO,보통,67.8,23.38
2022-09-12,서울(108),NO,28.3,27.5,23.8,20.3,76.1,NO, ,NO,높음,75.8,23.78
2022-09-13,서울(108),NO,27.5,26.4,24.3,21.8,73,NO, ,NO,보통,74,24.2
2022-09-14,서울(108),NO,27.9,27.9,24.6,22.7,56.9,NO, ,NO,보통,57.4,24.65
2022-09-15,서울(108),NO,28.8,28.3,25.2,22,66.9,NO, ,NO,높음,66,25.05
2022-09-16,서울(108),NO,30.9,29.9,25.7,23.4,78.6,NO, ,NO,보통,77.2,25.83
2022-09-17,서울(108),NO,30.7,29.4,25.6,23.3,83.1,NO,관심,NO,보통,84.1,25.51
2022-09-18,서울(108),NO,32.8,32.5,27.1,23,75.3,NO,관심,NO,보통,76,29.19
2022-09-19,서울(108),NO,29.4,29.6,24.6,19.5,63.1,NO, ,NO,높음,64.1,25.13
2022-09-20,서울(108),NO,23.4,24.6,19.9,16.1,57,NO, ,NO,높음,57.1,20.06
2022-09-21,서울(108),NO,24.4,25.6,19.4,13,56.9,NO, ,NO,높음,56.9,19.31
2022-09-22,서울(108),NO,24.2,24.7,19.8,14.2,60.1,NO, ,NO,높음,60.3,19.58
2022-09-23,서울(108),NO,23,22.2,17.5,14.7,68.9,NO, ,NO,보통,67,18.04
2022-09-24,서울(108),NO,23.2,24.2,18.5,12.3,64.6,NO, ,NO,높음,64.5,18.13
2022-09-25,서울(108),NO,24.1,25.2,19.6,15.4,63.3,NO, ,NO,보통,64,19.71
2022-09-26,서울(108),NO,24,25.4,20,14.8,58.5,NO, ,NO,보통,59.1,19.9
2022-09-27,서울(108),NO,26.2,28,20.9,14,59,NO, ,NO,높음,60.4,20.71
2022-09-28,서울(108),NO,25.8,26.1,20.4,16.1,71,NO, ,NO,보통,69.6,20.38
2022-09-29,서울(108),NO,25.4,26.5,20.4,16.4,73.5,NO, ,NO,높음,73.4,20.51
2022-09-30,서울(108),NO,26.3,27.7,20.7,14.8,68,NO, ,NO,높음,68.9,20.75
